{"logreg": {"accuracy": 0.8810436503029554, "precision": 0.8840688107703815, "recall": 0.8770714815730893, "f1": 0.8805562453439285}, "xgboost": {"accuracy": 0.8155063682453321, "precision": 0.8493563407285675, "recall": 0.7670046994805837, "f1": 0.8060826618144008}, "hybrid": {"accuracy": 0.8763447508346729, "precision": 0.887840938057609, "recall": 0.8614889933217907, "f1": 0.874466482550841}}